<?xml version="1.0" encoding="utf-8"?>
<feed xml:lang="en" xmlns="http://www.w3.org/2005/Atom" xmlns:time="http://a9.com/-/opensearch/extensions/time/1.0/" 
xmlns:os="http://a9.com/-/spec/opensearch/1.1/" xmlns:dc="http://purl.org/dc/elements/1.1/" 
xmlns:georss="http://www.georss.org/georss" xmlns:gml="http://www.opengis.net/gml" 
xmlns:geo="http://a9.com/-/opensearch/extensions/geo/1.0/" >
  <title>Catalogue Search Feed for ASAR Image Mode source packets Level 0 (ASA_IM__0P)</title>
  <subtitle type="html">The ASAR Image Mode source packets Level 0 data product offers Level 0 data for possible images processing on an other processing site. It includes some mandatory information for SAR processing. The Image Mode Level 0 product consists of time-ordered Annotated Instrument Source Packets (AISPs) collected while the instrument is in Image Mode. The echo samples contained in the AISPs are compressed to 4 bits/sample using Flexible Block Adaptive Quantisation (FBAQ). This is a high-rate, narrow swath mode so data is only acquired for partial orbit segments and may be from one of seven possible image swaths. The Level 0 product is produced systematically for all data acquired within this mode. This product provides a continuation of the ERS-SAR_RAW product.</subtitle>
  <generator uri="http://www.terradue.com" version="1.4.0">Terradue CAS</generator>
  <updated>2013-03-24T17:54:40Z</updated>
  <id>http://eo-virtual-archive4.esa.int/search/ASA_IM__0P/atom/</id>
  <link rel="self" type="application/atom+xml" href="http://eo-virtual-archive4.esa.int/search/ASA_IM__0P/atom//?startIndex=0&amp;start=2010-01-01&amp;stop=2010-01-31&amp;bbox=125,39.9,132.7,43.5"/>
    <link rel="search" type="application/opensearchdescription+xml" href="http://eo-virtual-archive4.esa.int/search/ASA_IM__0P/description"/>
  <os:totalResults>1</os:totalResults>
  <os:startIndex>0</os:startIndex>
  <os:itemsPerPage>20</os:itemsPerPage>
  <os:Query role="request" startIndex="0" time:start="2010-01-01" time:end="2010-01-31" geo:box="125,39.9,132.7,43.5"/>
  <georss:where><gml:Polygon><gml:exterior><gml:LinearRing>
      <gml:posList>39.9 125 43.5 125 43.5 132.7 39.9 132.7 39.9 132.7</gml:posList>
  </gml:LinearRing></gml:exterior></gml:Polygon></georss:where>
  <author><name>GEOSS Supersites</name></author>
  <entry>
    <id>http://eo-virtual-archive4.esa.int/search/ASA_IM__0P/ASA_IM__0CNPDE20100122_014441_000000162086_00146_41282_7918.N1/atom</id>
    <title>ASA_IM__0CNPDE20100122_014441_000000162086_00146_41282_7918.N1</title>
    <dc:identifier>ASA_IM__0CNPDE20100122_014441_000000162086_00146_41282_7918.N1</dc:identifier>
    <published>2012-03-06T00:10:33.000Z</published>
    <updated>2013-05-16T22:25:57.124Z</updated>
    <dc:date>2010-01-22T01:44:41.316Z/2010-01-22T01:44:57.596Z </dc:date>
    <georss:where><gml:Polygon><gml:exterior><gml:LinearRing><gml:posList srsDimension="2">42.2879 128.7535 42.4897 127.4932 41.4254 127.1936 41.2326 128.3991 42.2879 128.7535
    </gml:posList></gml:LinearRing></gml:exterior></gml:Polygon></georss:where>
    <link rel="alternate" type="application/vnd.google-earth.kml+xml" title="KML file" href="http://eo-virtual-archive4.esa.int/search/ASA_IM__0P/ASA_IM__0CNPDE20100122_014441_000000162086_00146_41282_7918.N1/kml"/>
    <link rel="alternate" type="text/html" title="HTML page" href="http://eo-virtual-archive4.esa.int/search/ASA_IM__0P/ASA_IM__0CNPDE20100122_014441_ 000000162086_00146_41282_7918.N1/html"/>
    <link rel="via" type="application/rdf+xml" title="RDF metadata entry" href="http://eo-virtual-archive4.esa.int/search/ASA_IM__0P/ASA_IM__ 0CNPDE20100122_014441_000000162086_00146_41282_7918.N1/rdf"/>
    <link rel="enclosure" type="application/binary" length="157076059" title=" File ASA_IM__0CNPDE20100122_014441_000000162086_00146_41282_7918.N1 in the N1 (ENVISAT) format" href="https://eo-virtual-archive4.esa.int/supersites/ASA_IM__ 0CNPDE20100122_014441_000000162086_00146_41282_7918.N1"/>
    <content type="html">
	&lt;ul&gt;	&lt;li&gt; &lt;b&gt;Date&lt;/b&gt;: 2010-01-22 &lt;br/&gt;
	(2010-01-22T01:44:41.316Z / 2010-01-22T01:44:57.596Z) &lt;/li&gt;
	&lt;li&gt; &lt;b&gt;Orbit Number&lt;/b&gt;: 41282 &lt;/li&gt;
	&lt;li&gt; &lt;b&gt;Processing Center&lt;/b&gt;: PDHS-E &lt;/li&gt;         
	&lt;li&gt; &lt;b&gt;Processing Date&lt;/b&gt;: 2010-01-22 &lt;/li&gt;
	&lt;br/&gt;
	&lt;a href="https://eo-virtual-archive4.esa.int/supersites/ASA_IM__0CNPDE20100122_014441_000000162086_00146_41282_7918.N1"&gt;Product Download &lt;/a&gt;
	&lt;/ul&gt;
</content>
<eop:EarthObservation xmlns:xsi="http://www.w3.org/2001/XMLSchema-instance"
    xsi:schemaLocation="http://www.opengis.net/opt/2.0 ../xsd/opt.xsd"
xmlns:xlink="http://www.w3.org/1999/xlink" xmlns:gml="http://www.opengis.net/gml/3.2" xmlns:eop="http://www.opengis.net/eop/2.0" xmlns:swe="http://www.opengis.net/swe/1.0" xmlns:om="http://www.opengis.net/om/2.0"
    gml:id="eo_ASA_IM__0CNPDE20100122_014441_000000162086_00146_41282_7918.N1">
    <om:phenomenonTime><gml:TimePeriod 
gml:id="tp_ASA_IM__0CNPDE20100122_014441_000000162086_00146_41282_7918.N1">
            <gml:beginPosition>2010-01-22T01:44:41.316Z</gml:beginPosition>
            <gml:endPosition>2010-01-22T01:44:57.596Z</gml:endPosition>
        </gml:TimePeriod></om:phenomenonTime><om:resultTime>
        <gml:TimeInstant 
  gml:id="ad_ ASA_IM__0CNPDE20100122_014441_000000162086_00146_41282_7918.N1">
            <gml:timePosition>2010-01-22T02:35:06.000Z</gml:timePosition>
        </gml:TimeInstant></om:resultTime>
    <om:procedure>
        <eop:EarthObservationEquipment 
gml:id="eq_ASA_IM__0CNPDE20100122_014441_000000162086_00146_41282_7918.N1">
            <eop:platform><eop:Platform><eop:shortName>ENVISAT</eop:shortName>
</eop:Platform></eop:platform>
            <eop:instrument><eop:Instrument><eop:shortName>ASAR</eop:shortName>
                </eop:Instrument>
            </eop:instrument>
            <eop:sensor><eop:Sensor><eop:sensorType>RADAR</eop:sensorType>
</eop:Sensor></eop:sensor>
        </eop:EarthObservationEquipment>
    </om:procedure>
    <om:observedProperty xlink:href="#params1"/>
    <om:featureOfInterest>
        <eop:Footprint gml:id="fp_ASA_IM__0CNPDE20100122_014441_000000162086_00146_41282_7918.N1">
            <eop:multiExtentOf><gml:MultiSurface gml:id="ms_ASA_IM__0CNPDE20100122_014441_000000162086_00146_41282_7918.N1" srsName="EPSG:4326"><gml:surfaceMember><gml:Polygon gml:id="p_ASA_IM__0CNPDE20100122_014441_000000162086_00146_41282_7918.N1">
              <gml:exterior><gml:LinearRing>
                <gml:posList>42.2879 128.7535 42.4897 127.4932 41.4254 127.1936 41.2326 128.3991 42.2879 128.7535</gml:posList>
               </gml:LinearRing></gml:exterior></gml:Polygon>
           </gml:surfaceMember></gml:MultiSurface></eop:multiExtentOf>
        </eop:Footprint>
    </om:featureOfInterest>
    <om:result></om:result>
    <eop:metaDataProperty>
        <eop:EarthObservationMetaData>
           <eop:identifier> ASA_IM__0CNPDE20100122_014441_000000162086_00146_41282_7918.N1 </eop:identifier>
            <eop:acquisitionType>NOMINAL</eop:acquisitionType>
            <eop:productType> ASA_IM__0P</eop:productType>
            <eop:status>ARCHIVED</eop:status>
            <eop:downlinkedTo><eop:DownlinkInformation>
                    <eop:acquisitionStation>PDHS-E</eop:acquisitionStation>
            </eop:DownlinkInformation></eop:downlinkedTo>
            <eop:processing><eop:ProcessingInformation>
                    <eop:processingCenter>PDHS-E</eop:processingCenter>
            </eop:ProcessingInformation></eop:processing>
        </eop:EarthObservationMetaData>
    </eop:metaDataProperty>
</eop:EarthObservation>

</entry>
</feed>
